project,target,configuration,hash,code,status,start,end
shop,build,development,15717026665390710750,0,success,1722237844036,1722237861487
cart,build,development,567670541549947458,0,success,1722237844048,1722237861487
shop,build,development,15717026665390710750,0,local-cache,1722254235421,1722254236102
cart,build,development,567670541549947458,0,local-cache,1722254235424,1722254236263
shell,serve,development,15007921064373878402,1,failure,1722254227492,1722254243659
shop,build,development,15717026665390710750,0,local-cache,1722254269750,1722254270305
cart,build,development,567670541549947458,0,local-cache,1722254269752,1722254270520
cart,build,development,567670541549947458,0,local-cache,1722254346985,1722254347762
shop,build,development,15717026665390710750,0,local-cache,1722254346927,1722254347855
